-- ============================================================
-- Task Management System
-- Sample / Seed Data
-- Target : MySQL 8.0+  (existing schema.sql already applied)
-- NOTE   : Run schema.sql first (it drops & recreates all
--          tables), then run this file. This file assumes
--          empty tables and relies on AUTO_INCREMENT starting
--          from 1, matching the explicit IDs used below.
-- ============================================================

USE task_management_db;

START TRANSACTION;

-- ------------------------------------------------------------
-- Insert Departments
-- ------------------------------------------------------------
INSERT INTO departments (department_id, department_name, description) VALUES
    (1, 'Administration', 'Handles office administration, facilities and general operations.'),
    (2, 'AI & Machine Learning', 'Builds and maintains machine learning models and AI-driven features.'),
    (3, 'Business Analytics', 'Analyzes business data to support decision making and reporting.'),
    (4, 'DevOps', 'Manages CI/CD pipelines, infrastructure and deployment automation.'),
    (5, 'Finance', 'Manages budgeting, payroll, invoicing and financial reporting.'),
    (6, 'Human Resources', 'Manages recruitment, onboarding, and employee relations.'),
    (7, 'Information Technology', 'Core software engineering and IT infrastructure team.'),
    (8, 'Quality Assurance', 'Responsible for manual and automated testing of all products.'),
    (9, 'Sales & Marketing', 'Drives lead generation, client outreach and marketing campaigns.'),
    (10, 'UI/UX Design', 'Designs user interfaces and user experience across all products.');

-- ------------------------------------------------------------
-- Insert Users (1 Admin + 30 Employees)
-- ------------------------------------------------------------
INSERT INTO users (user_id, username, password_hash, role, account_status, last_login) VALUES
    (1, 'admin', 'admin123', 'Admin', 'Active', '2026-07-06 21:00:00'),
    (2, 'aarav.sharma', 'Employee123', 'Employee', 'Active', '2026-07-05 23:55:00'),
    (3, 'rohan.patel', 'Employee123', 'Employee', 'Active', '2026-06-18 15:09:00'),
    (4, 'vivaan.reddy', 'Employee123', 'Employee', 'Active', '2026-07-03 12:06:00'),
    (5, 'ananya.sharma', 'Employee123', 'Employee', 'Active', '2026-06-16 04:04:00'),
    (6, 'aditya.iyer', 'Employee123', 'Employee', 'Inactive', NULL),
    (7, 'diya.reddy', 'Employee123', 'Employee', 'Active', '2026-06-29 18:31:00'),
    (8, 'saanvi.iyer', 'Employee123', 'Employee', 'Active', '2026-07-04 17:02:00'),
    (9, 'karan.malhotra', 'Employee123', 'Employee', 'Active', '2026-06-28 00:23:00'),
    (10, 'priya.desai', 'Employee123', 'Employee', 'Active', '2026-07-03 19:20:00'),
    (11, 'vihaan.nair', 'Employee123', 'Employee', 'Active', '2026-07-06 02:14:00'),
    (12, 'rahul.verma', 'Employee123', 'Employee', 'Active', '2026-06-28 07:12:00'),
    (13, 'aadhya.nair', 'Employee123', 'Employee', 'Active', '2026-06-20 23:22:00'),
    (14, 'arjun.rao', 'Employee123', 'Employee', 'Active', '2026-07-04 00:29:00'),
    (15, 'neha.kulkarni', 'Employee123', 'Employee', 'Active', '2026-06-30 06:12:00'),
    (16, 'nikhil.joshi', 'Employee123', 'Employee', 'Inactive', NULL),
    (17, 'kiara.rao', 'Employee123', 'Employee', 'Active', '2026-06-20 16:43:00'),
    (18, 'isha.agarwal', 'Employee123', 'Employee', 'Active', '2026-07-03 20:18:00'),
    (19, 'varun.kapoor', 'Employee123', 'Employee', 'Active', '2026-07-03 16:48:00'),
    (20, 'sai.krishnan', 'Employee123', 'Employee', 'Active', '2026-06-19 20:57:00'),
    (21, 'myra.krishnan', 'Employee123', 'Employee', 'Active', '2026-06-24 23:36:00'),
    (22, 'reyansh.gupta', 'Employee123', 'Employee', 'Active', '2026-06-18 00:26:00'),
    (23, 'anika.gupta', 'Employee123', 'Employee', 'Active', '2026-07-04 18:56:00'),
    (24, 'aman.chatterjee', 'Employee123', 'Employee', 'Active', '2026-06-23 02:23:00'),
    (25, 'krishna.menon', 'Employee123', 'Employee', 'Active', '2026-07-04 23:31:00'),
    (26, 'navya.menon', 'Employee123', 'Employee', 'Inactive', NULL),
    (27, 'pooja.bhatt', 'Employee123', 'Employee', 'Active', '2026-06-19 19:43:00'),
    (28, 'ishaan.pillai', 'Employee123', 'Employee', 'Active', '2026-06-16 10:07:00'),
    (29, 'riya.pillai', 'Employee123', 'Employee', 'Active', '2026-07-06 20:56:00'),
    (30, 'meera.choudhary', 'Employee123', 'Employee', 'Active', '2026-06-25 22:03:00'),
    (31, 'sneha.patel', 'Employee123', 'Employee', 'Active', '2026-07-01 18:04:00');

-- ------------------------------------------------------------
-- Insert Employees
-- ------------------------------------------------------------
INSERT INTO employees (employee_id, user_id, employee_code, first_name, last_name, email, phone, department_id, designation, joining_date, status, is_deleted) VALUES
    (1, 2, 'EMP0001', 'Aarav', 'Sharma', 'aarav.sharma@company.com', '+91-6043321819', 7, 'Software Engineer', '2024-01-25', 'Active', FALSE),
    (2, 3, 'EMP0002', 'Rohan', 'Patel', 'rohan.patel@company.com', '+91-7389083863', 7, 'Senior Developer', '2023-12-01', 'Active', FALSE),
    (3, 4, 'EMP0003', 'Vivaan', 'Reddy', 'vivaan.reddy@company.com', '+91-6265423511', 7, 'Software Engineer', '2024-04-20', 'Active', FALSE),
    (4, 5, 'EMP0004', 'Ananya', 'Sharma', 'ananya.sharma@company.com', '+91-8940781618', 2, 'ML Engineer', '2024-10-15', 'Active', FALSE),
    (5, 6, 'EMP0005', 'Aditya', 'Iyer', 'aditya.iyer@company.com', '+91-8931034131', 2, 'ML Engineer', '2024-04-20', 'Inactive', FALSE),
    (6, 7, 'EMP0006', 'Diya', 'Reddy', 'diya.reddy@company.com', '+91-8255341928', 2, 'Data Scientist', '2022-05-06', 'Active', FALSE),
    (7, 8, 'EMP0007', 'Saanvi', 'Iyer', 'saanvi.iyer@company.com', '+91-9483503056', 3, 'Business Analyst', '2024-12-06', 'Active', FALSE),
    (8, 9, 'EMP0008', 'Karan', 'Malhotra', 'karan.malhotra@company.com', '+91-8376724238', 3, 'Data Analyst', '2023-05-31', 'Active', FALSE),
    (9, 10, 'EMP0009', 'Priya', 'Desai', 'priya.desai@company.com', '+91-9965328710', 3, 'Data Analyst', '2021-08-09', 'Active', FALSE),
    (10, 11, 'EMP0010', 'Vihaan', 'Nair', 'vihaan.nair@company.com', '+91-7691669784', 4, 'DevOps Engineer', '2023-05-01', 'Active', FALSE),
    (11, 12, 'EMP0011', 'Rahul', 'Verma', 'rahul.verma@company.com', '+91-6845146270', 4, 'DevOps Engineer', '2022-05-21', 'Active', FALSE),
    (12, 13, 'EMP0012', 'Aadhya', 'Nair', 'aadhya.nair@company.com', '+91-7814893252', 4, 'Site Reliability Engineer', '2023-05-30', 'Active', FALSE),
    (13, 14, 'EMP0013', 'Arjun', 'Rao', 'arjun.rao@company.com', '+91-8701543039', 5, 'Financial Analyst', '2025-12-28', 'Active', FALSE),
    (14, 15, 'EMP0014', 'Neha', 'Kulkarni', 'neha.kulkarni@company.com', '+91-6822782489', 5, 'Accounts Executive', '2024-01-23', 'Active', FALSE),
    (15, 16, 'EMP0015', 'Nikhil', 'Joshi', 'nikhil.joshi@company.com', '+91-7465787133', 5, 'Financial Analyst', '2026-01-27', 'Inactive', FALSE),
    (16, 17, 'EMP0016', 'Kiara', 'Rao', 'kiara.rao@company.com', '+91-7930103105', 6, 'HR Executive', '2026-01-13', 'Active', FALSE),
    (17, 18, 'EMP0017', 'Isha', 'Agarwal', 'isha.agarwal@company.com', '+91-9382997376', 6, 'HR Manager', '2025-05-14', 'Active', FALSE),
    (18, 19, 'EMP0018', 'Varun', 'Kapoor', 'varun.kapoor@company.com', '+91-9566701065', 6, 'HR Executive', '2021-12-11', 'Active', FALSE),
    (19, 20, 'EMP0019', 'Sai', 'Krishnan', 'sai.krishnan@company.com', '+91-7872624731', 7, 'Backend Developer', '2023-12-13', 'Active', FALSE),
    (20, 21, 'EMP0020', 'Myra', 'Krishnan', 'myra.krishnan@company.com', '+91-6132677360', 7, 'Frontend Developer', '2025-07-05', 'Active', FALSE),
    (21, 22, 'EMP0021', 'Reyansh', 'Gupta', 'reyansh.gupta@company.com', '+91-8746872343', 8, 'QA Engineer', '2026-02-08', 'Active', FALSE),
    (22, 23, 'EMP0022', 'Anika', 'Gupta', 'anika.gupta@company.com', '+91-6500978820', 8, 'QA Engineer', '2023-08-02', 'Active', FALSE),
    (23, 24, 'EMP0023', 'Aman', 'Chatterjee', 'aman.chatterjee@company.com', '+91-6361939909', 8, 'Automation Test Engineer', '2025-12-22', 'Active', FALSE),
    (24, 25, 'EMP0024', 'Krishna', 'Menon', 'krishna.menon@company.com', '+91-8435346247', 9, 'Marketing Executive', '2024-08-29', 'Active', FALSE),
    (25, 26, 'EMP0025', 'Navya', 'Menon', 'navya.menon@company.com', '+91-6183842513', 9, 'Sales Executive', '2024-05-12', 'Inactive', FALSE),
    (26, 27, 'EMP0026', 'Pooja', 'Bhatt', 'pooja.bhatt@company.com', '+91-8980841241', 9, 'Marketing Executive', '2025-10-31', 'Active', FALSE),
    (27, 28, 'EMP0027', 'Ishaan', 'Pillai', 'ishaan.pillai@company.com', '+91-8935348740', 10, 'UI Designer', '2025-11-30', 'Active', FALSE),
    (28, 29, 'EMP0028', 'Riya', 'Pillai', 'riya.pillai@company.com', '+91-8005242786', 10, 'UX Designer', '2023-04-16', 'Active', FALSE),
    (29, 30, 'EMP0029', 'Meera', 'Choudhary', 'meera.choudhary@company.com', '+91-7805982620', 10, 'UI Designer', '2024-09-14', 'Active', FALSE),
    (30, 31, 'EMP0030', 'Sneha', 'Patel', 'sneha.patel@company.com', '+91-8331586923', 1, 'Project Manager', '2021-08-02', 'Active', FALSE);

-- ------------------------------------------------------------
-- Insert Tasks
-- ------------------------------------------------------------
INSERT INTO tasks (task_id, task_title, description, priority, estimated_hours, created_by, created_at) VALUES
    (1, 'API Development - User Service', 'API Development - User Service: Minor improvement task with limited scope and low urgency.', 'Low', 2, 1, '2026-03-14 00:00:00'),
    (2, 'API Development - Payment Gateway', 'API Development - Payment Gateway: Standard development task following normal sprint priority.', 'Medium', 16, 1, '2026-06-21 00:00:00'),
    (3, 'Authentication Module', 'Authentication Module: Important task that impacts a core feature or upcoming release.', 'High', 2, 1, '2026-05-13 00:00:00'),
    (4, 'JWT Integration', 'JWT Integration: Urgent task blocking release or affecting production stability.', 'Critical', 16, 1, '2025-12-21 00:00:00'),
    (5, 'Database Optimization - Orders Table', 'Database Optimization - Orders Table: Minor improvement task with limited scope and low urgency.', 'Low', 2, 1, '2026-04-03 00:00:00'),
    (6, 'Database Migration - v2 Schema', 'Database Migration - v2 Schema: Standard development task following normal sprint priority.', 'Medium', 16, 1, '2026-03-14 00:00:00'),
    (7, 'MySQL Backup Automation', 'MySQL Backup Automation: Important task that impacts a core feature or upcoming release.', 'High', 2, 1, '2026-01-07 00:00:00'),
    (8, 'Bug Fixing - Login Flow', 'Bug Fixing - Login Flow: Urgent task blocking release or affecting production stability.', 'Critical', 16, 1, '2025-12-21 00:00:00'),
    (9, 'Bug Fixing - Checkout Page', 'Bug Fixing - Checkout Page: Minor improvement task with limited scope and low urgency.', 'Low', 2, 1, '2026-04-25 00:00:00'),
    (10, 'Bug Fixing - Report Export', 'Bug Fixing - Report Export: Standard development task following normal sprint priority.', 'Medium', 16, 1, '2026-04-20 00:00:00'),
    (11, 'Code Review - Backend Services', 'Code Review - Backend Services: Important task that impacts a core feature or upcoming release.', 'High', 2, 1, '2026-05-18 00:00:00'),
    (12, 'Code Review - Frontend Components', 'Code Review - Frontend Components: Urgent task blocking release or affecting production stability.', 'Critical', 16, 1, '2025-12-30 00:00:00'),
    (13, 'Unit Testing - Order Module', 'Unit Testing - Order Module: Minor improvement task with limited scope and low urgency.', 'Low', 2, 1, '2026-05-31 00:00:00'),
    (14, 'Unit Testing - Auth Module', 'Unit Testing - Auth Module: Standard development task following normal sprint priority.', 'Medium', 16, 1, '2026-03-22 00:00:00'),
    (15, 'Integration Testing - Payments', 'Integration Testing - Payments: Important task that impacts a core feature or upcoming release.', 'High', 2, 1, '2026-06-18 00:00:00'),
    (16, 'Integration Testing - Notifications', 'Integration Testing - Notifications: Urgent task blocking release or affecting production stability.', 'Critical', 16, 1, '2026-02-27 00:00:00'),
    (17, 'Deploy to Production - Release 2.4', 'Deploy to Production - Release 2.4: Minor improvement task with limited scope and low urgency.', 'Low', 2, 1, '2026-05-02 00:00:00'),
    (18, 'Deploy to Production - Hotfix 2.4.1', 'Deploy to Production - Hotfix 2.4.1: Standard development task following normal sprint priority.', 'Medium', 16, 1, '2026-05-07 00:00:00'),
    (19, 'Docker Configuration - Web App', 'Docker Configuration - Web App: Important task that impacts a core feature or upcoming release.', 'High', 2, 1, '2026-03-02 00:00:00'),
    (20, 'Docker Configuration - Worker Service', 'Docker Configuration - Worker Service: Urgent task blocking release or affecting production stability.', 'Critical', 16, 1, '2026-03-30 00:00:00'),
    (21, 'Performance Optimization - Dashboard', 'Performance Optimization - Dashboard: Minor improvement task with limited scope and low urgency.', 'Low', 2, 1, '2026-04-10 00:00:00'),
    (22, 'Performance Optimization - Search API', 'Performance Optimization - Search API: Standard development task following normal sprint priority.', 'Medium', 16, 1, '2026-04-30 00:00:00'),
    (23, 'REST API Development - Inventory', 'REST API Development - Inventory: Important task that impacts a core feature or upcoming release.', 'High', 2, 1, '2026-05-01 00:00:00'),
    (24, 'REST API Development - Reports', 'REST API Development - Reports: Urgent task blocking release or affecting production stability.', 'Critical', 16, 1, '2026-06-21 00:00:00'),
    (25, 'Frontend Dashboard Redesign', 'Frontend Dashboard Redesign: Minor improvement task with limited scope and low urgency.', 'Low', 2, 1, '2026-01-10 00:00:00'),
    (26, 'Employee CRUD Module', 'Employee CRUD Module: Standard development task following normal sprint priority.', 'Medium', 16, 1, '2026-05-09 00:00:00'),
    (27, 'Task CRUD Module', 'Task CRUD Module: Important task that impacts a core feature or upcoming release.', 'High', 2, 1, '2026-03-17 00:00:00'),
    (28, 'Authentication API - Password Reset', 'Authentication API - Password Reset: Urgent task blocking release or affecting production stability.', 'Critical', 16, 1, '2026-04-04 00:00:00'),
    (29, 'Database Indexing Review', 'Database Indexing Review: Minor improvement task with limited scope and low urgency.', 'Low', 2, 1, '2026-04-17 00:00:00'),
    (30, 'Responsive UI - Mobile View', 'Responsive UI - Mobile View: Standard development task following normal sprint priority.', 'Medium', 16, 1, '2026-06-10 00:00:00'),
    (31, 'Accessibility Improvements - Forms', 'Accessibility Improvements - Forms: Important task that impacts a core feature or upcoming release.', 'High', 2, 1, '2026-04-17 00:00:00'),
    (32, 'Accessibility Improvements - Navigation', 'Accessibility Improvements - Navigation: Urgent task blocking release or affecting production stability.', 'Critical', 16, 1, '2026-03-30 00:00:00'),
    (33, 'Load Testing - Checkout Flow', 'Load Testing - Checkout Flow: Minor improvement task with limited scope and low urgency.', 'Low', 2, 1, '2026-01-14 00:00:00'),
    (34, 'Security Audit - API Endpoints', 'Security Audit - API Endpoints: Standard development task following normal sprint priority.', 'Medium', 16, 1, '2026-02-17 00:00:00'),
    (35, 'Third-Party Integration - Payment Provider', 'Third-Party Integration - Payment Provider: Important task that impacts a core feature or upcoming release.', 'High', 2, 1, '2026-03-17 00:00:00'),
    (36, 'Third-Party Integration - Email Service', 'Third-Party Integration - Email Service: Urgent task blocking release or affecting production stability.', 'Critical', 16, 1, '2026-01-05 00:00:00'),
    (37, 'Notification System Development', 'Notification System Development: Minor improvement task with limited scope and low urgency.', 'Low', 2, 1, '2026-02-10 00:00:00'),
    (38, 'Email Notification Templates', 'Email Notification Templates: Standard development task following normal sprint priority.', 'Medium', 16, 1, '2026-04-04 00:00:00'),
    (39, 'SMS Notification Integration', 'SMS Notification Integration: Important task that impacts a core feature or upcoming release.', 'High', 2, 1, '2026-06-20 00:00:00'),
    (40, 'Role-Based Access Control', 'Role-Based Access Control: Urgent task blocking release or affecting production stability.', 'Critical', 16, 1, '2026-05-29 00:00:00'),
    (41, 'Audit Log Module Development', 'Audit Log Module Development: Minor improvement task with limited scope and low urgency.', 'Low', 2, 1, '2026-04-22 00:00:00'),
    (42, 'Data Export to Excel Feature', 'Data Export to Excel Feature: Standard development task following normal sprint priority.', 'Medium', 16, 1, '2026-05-13 00:00:00'),
    (43, 'Data Import Validation Module', 'Data Import Validation Module: Important task that impacts a core feature or upcoming release.', 'High', 2, 1, '2026-01-30 00:00:00'),
    (44, 'Caching Layer Implementation', 'Caching Layer Implementation: Urgent task blocking release or affecting production stability.', 'Critical', 16, 1, '2026-04-21 00:00:00'),
    (45, 'Redis Session Management', 'Redis Session Management: Minor improvement task with limited scope and low urgency.', 'Low', 2, 1, '2026-06-18 00:00:00'),
    (46, 'CI/CD Pipeline Setup', 'CI/CD Pipeline Setup: Standard development task following normal sprint priority.', 'Medium', 16, 1, '2026-05-31 00:00:00'),
    (47, 'Automated Regression Testing', 'Automated Regression Testing: Important task that impacts a core feature or upcoming release.', 'High', 2, 1, '2026-01-26 00:00:00'),
    (48, 'API Documentation - Swagger', 'API Documentation - Swagger: Urgent task blocking release or affecting production stability.', 'Critical', 16, 1, '2026-03-08 00:00:00'),
    (49, 'User Onboarding Flow', 'User Onboarding Flow: Minor improvement task with limited scope and low urgency.', 'Low', 2, 1, '2026-03-31 00:00:00'),
    (50, 'Password Policy Enforcement', 'Password Policy Enforcement: Standard development task following normal sprint priority.', 'Medium', 16, 1, '2025-12-23 00:00:00');

-- ------------------------------------------------------------
-- Insert Task Assignments
-- ------------------------------------------------------------
INSERT INTO task_assignments (assignment_id, employee_id, task_id, assigned_by, assigned_at, deadline, status, completion_percentage, remarks, completed_at) VALUES
    (1, 1, 27, 1, '2026-05-10 11:00:00', '2026-06-10 11:00:00', 'Completed', 100, 'Delivered and closed successfully.', '2026-06-02 11:00:00'),
    (2, 1, 22, 1, '2026-06-26 06:00:00', '2026-07-27 06:00:00', 'Completed', 100, 'Task completed and verified.', '2026-06-27 06:00:00'),
    (3, 1, 35, 1, '2026-04-02 15:00:00', '2026-05-03 15:00:00', 'Completed', 100, 'Task completed and verified.', '2026-04-20 15:00:00'),
    (4, 1, 30, 1, '2026-02-12 05:00:00', '2026-03-05 05:00:00', 'In Progress', 72, 'Development started.', NULL),
    (5, 1, 4, 1, '2026-04-23 11:00:00', '2026-05-31 11:00:00', 'Completed', 100, 'QA completed. Ready for deployment.', '2026-05-18 11:00:00'),
    (6, 2, 22, 1, '2026-05-20 10:00:00', '2026-06-04 10:00:00', 'Pending', 0, 'Awaiting requirement clarification.', NULL),
    (7, 2, 43, 1, '2026-02-16 00:00:00', '2026-03-20 00:00:00', 'Completed', 100, 'Delivered and closed successfully.', '2026-03-07 00:00:00'),
    (8, 2, 44, 1, '2026-06-25 22:00:00', '2026-07-29 22:00:00', 'In Progress', 27, 'Work in progress, on track for deadline.', NULL),
    (9, 2, 26, 1, '2026-05-16 23:00:00', '2026-06-08 23:00:00', 'Pending', 0, 'Not yet started, queued for this sprint.', NULL),
    (10, 2, 47, 1, '2026-04-09 18:00:00', '2026-05-15 18:00:00', 'Completed', 100, 'Task completed and verified.', '2026-05-01 18:00:00'),
    (11, 3, 49, 1, '2026-06-11 09:00:00', '2026-06-19 09:00:00', 'Pending', 0, 'Awaiting requirement clarification.', NULL),
    (12, 3, 25, 1, '2026-02-13 23:00:00', '2026-03-14 23:00:00', 'Pending', 0, 'Waiting for client feedback.', NULL),
    (13, 3, 18, 1, '2026-06-14 04:00:00', '2026-06-23 04:00:00', 'Pending', 0, 'Waiting for client feedback.', NULL),
    (14, 3, 27, 1, '2026-04-29 18:00:00', '2026-05-07 18:00:00', 'Completed', 100, 'Delivered and closed successfully.', '2026-05-01 18:00:00'),
    (15, 3, 17, 1, '2026-05-01 20:00:00', '2026-06-07 20:00:00', 'Pending', 0, 'Awaiting requirement clarification.', NULL),
    (16, 4, 8, 1, '2026-04-27 13:00:00', '2026-05-14 13:00:00', 'Completed', 100, 'Delivered and closed successfully.', '2026-05-01 13:00:00'),
    (17, 4, 37, 1, '2026-05-21 15:00:00', '2026-06-03 15:00:00', 'In Progress', 84, 'Development started.', NULL),
    (18, 4, 14, 1, '2026-04-13 06:00:00', '2026-05-14 06:00:00', 'Pending', 0, 'Not yet started, queued for this sprint.', NULL),
    (19, 4, 30, 1, '2026-05-12 22:00:00', '2026-06-25 22:00:00', 'In Progress', 90, 'Development started.', NULL),
    (20, 4, 45, 1, '2026-06-05 02:00:00', '2026-07-01 02:00:00', 'Pending', 0, 'Awaiting requirement clarification.', NULL),
    (21, 5, 39, 1, '2026-02-15 11:00:00', '2026-03-17 11:00:00', 'Pending', 0, 'Waiting for client feedback.', NULL),
    (22, 5, 8, 1, '2026-02-22 04:00:00', '2026-03-22 04:00:00', 'Completed', 100, 'QA completed. Ready for deployment.', '2026-03-08 04:00:00'),
    (23, 5, 37, 1, '2026-02-26 21:00:00', '2026-04-01 21:00:00', 'In Progress', 56, 'Currently under active development.', NULL),
    (24, 5, 3, 1, '2026-03-06 02:00:00', '2026-03-22 02:00:00', 'Completed', 100, 'Task completed and verified.', '2026-03-09 02:00:00'),
    (25, 5, 23, 1, '2026-02-18 04:00:00', '2026-03-14 04:00:00', 'In Progress', 88, 'Currently under active development.', NULL),
    (26, 6, 50, 1, '2026-04-24 14:00:00', '2026-05-16 14:00:00', 'Completed', 100, 'QA completed. Ready for deployment.', '2026-05-03 14:00:00'),
    (27, 6, 31, 1, '2026-03-08 17:00:00', '2026-04-13 17:00:00', 'Completed', 100, 'Delivered and closed successfully.', '2026-04-02 17:00:00'),
    (28, 6, 30, 1, '2026-04-07 00:00:00', '2026-05-15 00:00:00', 'On Hold', 60, 'Blocked due to dependency.', NULL),
    (29, 6, 28, 1, '2026-02-27 18:00:00', '2026-03-28 18:00:00', 'In Progress', 43, 'Work in progress, on track for deadline.', NULL),
    (30, 6, 47, 1, '2026-04-21 05:00:00', '2026-05-15 05:00:00', 'In Progress', 81, 'Development started.', NULL),
    (31, 7, 34, 1, '2026-03-19 09:00:00', '2026-04-30 09:00:00', 'In Progress', 40, 'Currently under active development.', NULL),
    (32, 7, 13, 1, '2026-03-02 04:00:00', '2026-04-09 04:00:00', 'Completed', 100, 'Task completed and verified.', '2026-03-04 04:00:00'),
    (33, 7, 6, 1, '2026-06-08 15:00:00', '2026-06-29 15:00:00', 'In Progress', 61, 'Currently under active development.', NULL),
    (34, 7, 16, 1, '2026-04-30 15:00:00', '2026-06-13 15:00:00', 'In Progress', 57, 'Work in progress, on track for deadline.', NULL),
    (35, 7, 47, 1, '2026-02-10 08:00:00', '2026-03-11 08:00:00', 'In Progress', 64, 'Currently under active development.', NULL),
    (36, 8, 36, 1, '2026-04-23 15:00:00', '2026-05-16 15:00:00', 'Pending', 0, 'Waiting for client feedback.', NULL),
    (37, 8, 22, 1, '2026-06-01 01:00:00', '2026-06-20 01:00:00', 'Completed', 100, 'Task completed and verified.', '2026-06-05 01:00:00'),
    (38, 8, 23, 1, '2026-02-14 02:00:00', '2026-03-04 02:00:00', 'Pending', 0, 'Waiting for client feedback.', NULL),
    (39, 8, 45, 1, '2026-05-07 01:00:00', '2026-06-13 01:00:00', 'Completed', 100, 'Task completed and verified.', '2026-06-10 01:00:00'),
    (40, 8, 30, 1, '2026-04-20 21:00:00', '2026-05-09 21:00:00', 'In Progress', 47, 'Development started.', NULL),
    (41, 9, 24, 1, '2026-02-15 20:00:00', '2026-03-11 20:00:00', 'In Progress', 15, 'Development started.', NULL),
    (42, 9, 12, 1, '2026-02-10 15:00:00', '2026-02-25 15:00:00', 'Pending', 0, 'Awaiting requirement clarification.', NULL),
    (43, 9, 20, 1, '2026-02-26 21:00:00', '2026-03-05 21:00:00', 'Pending', 0, 'Awaiting requirement clarification.', NULL),
    (44, 9, 1, 1, '2026-04-20 09:00:00', '2026-05-27 09:00:00', 'Completed', 100, 'Task completed and verified.', '2026-05-12 09:00:00'),
    (45, 9, 46, 1, '2026-05-15 23:00:00', '2026-06-07 23:00:00', 'Pending', 0, 'Not yet started, queued for this sprint.', NULL),
    (46, 10, 8, 1, '2026-06-18 20:00:00', '2026-07-04 20:00:00', 'Pending', 0, 'Awaiting requirement clarification.', NULL),
    (47, 10, 5, 1, '2026-04-15 22:00:00', '2026-05-07 22:00:00', 'Pending', 0, 'Waiting for client feedback.', NULL),
    (48, 10, 26, 1, '2026-02-09 11:00:00', '2026-03-26 11:00:00', 'In Progress', 86, 'Currently under active development.', NULL),
    (49, 10, 32, 1, '2026-05-05 08:00:00', '2026-06-05 08:00:00', 'Cancelled', 0, 'Requirement dropped by product team.', NULL),
    (50, 10, 37, 1, '2026-03-10 15:00:00', '2026-04-23 15:00:00', 'Pending', 0, 'Not yet started, queued for this sprint.', NULL),
    (51, 11, 20, 1, '2026-06-06 18:00:00', '2026-06-26 18:00:00', 'In Progress', 43, 'Currently under active development.', NULL),
    (52, 11, 37, 1, '2026-06-11 19:00:00', '2026-07-03 19:00:00', 'Completed', 100, 'QA completed. Ready for deployment.', '2026-06-29 19:00:00'),
    (53, 11, 40, 1, '2026-06-12 19:00:00', '2026-06-19 19:00:00', 'Pending', 0, 'Not yet started, queued for this sprint.', NULL),
    (54, 11, 4, 1, '2026-03-08 02:00:00', '2026-04-22 02:00:00', 'On Hold', 70, 'Paused pending approval from stakeholders.', NULL),
    (55, 11, 48, 1, '2026-06-23 17:00:00', '2026-07-18 17:00:00', 'Completed', 100, 'Delivered and closed successfully.', '2026-07-03 17:00:00'),
    (56, 12, 45, 1, '2026-04-25 04:00:00', '2026-06-08 04:00:00', 'Pending', 0, 'Awaiting requirement clarification.', NULL),
    (57, 12, 30, 1, '2026-05-12 11:00:00', '2026-05-26 11:00:00', 'In Progress', 79, 'Development started.', NULL),
    (58, 12, 5, 1, '2026-05-24 16:00:00', '2026-06-09 16:00:00', 'Completed', 100, 'QA completed. Ready for deployment.', '2026-05-25 16:00:00'),
    (59, 12, 44, 1, '2026-05-20 15:00:00', '2026-07-04 15:00:00', 'Completed', 100, 'Delivered and closed successfully.', '2026-06-26 15:00:00'),
    (60, 12, 15, 1, '2026-04-19 10:00:00', '2026-05-03 10:00:00', 'In Progress', 69, 'Currently under active development.', NULL),
    (61, 13, 20, 1, '2026-02-13 09:00:00', '2026-03-20 09:00:00', 'Completed', 100, 'QA completed. Ready for deployment.', '2026-02-16 09:00:00'),
    (62, 13, 45, 1, '2026-03-13 01:00:00', '2026-04-09 01:00:00', 'Pending', 0, 'Awaiting requirement clarification.', NULL),
    (63, 13, 26, 1, '2026-04-29 00:00:00', '2026-05-11 00:00:00', 'Cancelled', 0, 'Cancelled as no longer required.', NULL),
    (64, 13, 18, 1, '2026-06-26 03:00:00', '2026-07-20 03:00:00', 'Cancelled', 0, 'Duplicate of another task, cancelled.', NULL),
    (65, 13, 33, 1, '2026-06-21 19:00:00', '2026-07-28 19:00:00', 'In Progress', 76, 'Currently under active development.', NULL),
    (66, 14, 29, 1, '2026-02-26 22:00:00', '2026-04-04 22:00:00', 'On Hold', 62, 'Paused pending approval from stakeholders.', NULL),
    (67, 14, 18, 1, '2026-04-07 14:00:00', '2026-04-20 14:00:00', 'In Progress', 30, 'Work in progress, on track for deadline.', NULL),
    (68, 14, 12, 1, '2026-03-18 02:00:00', '2026-04-25 02:00:00', 'In Progress', 46, 'Currently under active development.', NULL),
    (69, 14, 38, 1, '2026-03-21 07:00:00', '2026-03-30 07:00:00', 'Completed', 100, 'Task completed and verified.', '2026-03-23 07:00:00'),
    (70, 14, 28, 1, '2026-04-12 16:00:00', '2026-05-09 16:00:00', 'Completed', 100, 'QA completed. Ready for deployment.', '2026-05-07 16:00:00'),
    (71, 15, 26, 1, '2026-03-05 11:00:00', '2026-03-15 11:00:00', 'In Progress', 34, 'Currently under active development.', NULL),
    (72, 15, 33, 1, '2026-03-31 05:00:00', '2026-05-08 05:00:00', 'Pending', 0, 'Awaiting requirement clarification.', NULL),
    (73, 15, 1, 1, '2026-03-10 23:00:00', '2026-03-30 23:00:00', 'Completed', 100, 'Task completed and verified.', '2026-03-28 23:00:00'),
    (74, 15, 43, 1, '2026-05-29 15:00:00', '2026-07-03 15:00:00', 'Completed', 100, 'Delivered and closed successfully.', '2026-06-30 15:00:00'),
    (75, 15, 35, 1, '2026-06-01 00:00:00', '2026-07-16 00:00:00', 'Pending', 0, 'Waiting for client feedback.', NULL),
    (76, 16, 46, 1, '2026-02-10 11:00:00', '2026-02-22 11:00:00', 'Pending', 0, 'Waiting for client feedback.', NULL),
    (77, 16, 11, 1, '2026-06-02 10:00:00', '2026-06-16 10:00:00', 'Pending', 0, 'Awaiting requirement clarification.', NULL),
    (78, 16, 20, 1, '2026-05-23 09:00:00', '2026-06-17 09:00:00', 'Pending', 0, 'Awaiting requirement clarification.', NULL),
    (79, 16, 36, 1, '2026-04-23 11:00:00', '2026-05-30 11:00:00', 'Pending', 0, 'Not yet started, queued for this sprint.', NULL),
    (80, 16, 1, 1, '2026-04-30 10:00:00', '2026-06-11 10:00:00', 'Pending', 0, 'Waiting for client feedback.', NULL),
    (81, 17, 25, 1, '2026-05-28 22:00:00', '2026-06-21 22:00:00', 'Pending', 0, 'Not yet started, queued for this sprint.', NULL),
    (82, 17, 13, 1, '2026-04-05 08:00:00', '2026-04-29 08:00:00', 'On Hold', 40, 'Paused pending approval from stakeholders.', NULL),
    (83, 17, 39, 1, '2026-04-16 06:00:00', '2026-05-30 06:00:00', 'Pending', 0, 'Awaiting requirement clarification.', NULL),
    (84, 17, 33, 1, '2026-02-26 20:00:00', '2026-04-02 20:00:00', 'Completed', 100, 'Delivered and closed successfully.', '2026-03-29 20:00:00'),
    (85, 17, 48, 1, '2026-04-04 14:00:00', '2026-05-16 14:00:00', 'In Progress', 79, 'Work in progress, on track for deadline.', NULL),
    (86, 18, 30, 1, '2026-03-25 17:00:00', '2026-04-27 17:00:00', 'Completed', 100, 'QA completed. Ready for deployment.', '2026-04-15 17:00:00'),
    (87, 18, 21, 1, '2026-03-02 02:00:00', '2026-04-02 02:00:00', 'Completed', 100, 'Task completed and verified.', '2026-03-24 02:00:00'),
    (88, 18, 13, 1, '2026-05-24 09:00:00', '2026-06-02 09:00:00', 'Completed', 100, 'QA completed. Ready for deployment.', '2026-05-30 09:00:00'),
    (89, 18, 45, 1, '2026-06-06 10:00:00', '2026-06-19 10:00:00', 'Pending', 0, 'Awaiting requirement clarification.', NULL),
    (90, 18, 16, 1, '2026-03-08 00:00:00', '2026-03-24 00:00:00', 'On Hold', 66, 'On hold due to resource constraints.', NULL),
    (91, 19, 10, 1, '2026-03-22 04:00:00', '2026-04-03 04:00:00', 'Pending', 0, 'Not yet started, queued for this sprint.', NULL),
    (92, 19, 5, 1, '2026-02-15 12:00:00', '2026-03-14 12:00:00', 'In Progress', 90, 'Currently under active development.', NULL),
    (93, 19, 31, 1, '2026-02-27 07:00:00', '2026-03-08 07:00:00', 'Cancelled', 0, 'Duplicate of another task, cancelled.', NULL),
    (94, 19, 17, 1, '2026-06-14 17:00:00', '2026-07-09 17:00:00', 'Pending', 0, 'Waiting for client feedback.', NULL),
    (95, 19, 22, 1, '2026-06-08 11:00:00', '2026-06-21 11:00:00', 'Completed', 100, 'Delivered and closed successfully.', '2026-06-20 11:00:00'),
    (96, 20, 7, 1, '2026-06-24 23:00:00', '2026-07-21 23:00:00', 'Completed', 100, 'QA completed. Ready for deployment.', '2026-07-04 23:00:00'),
    (97, 20, 29, 1, '2026-04-01 13:00:00', '2026-05-05 13:00:00', 'In Progress', 28, 'Development started.', NULL),
    (98, 20, 11, 1, '2026-02-16 11:00:00', '2026-03-31 11:00:00', 'In Progress', 33, 'Development started.', NULL),
    (99, 20, 45, 1, '2026-05-18 22:00:00', '2026-06-18 22:00:00', 'Completed', 100, 'Delivered and closed successfully.', '2026-06-09 22:00:00'),
    (100, 20, 20, 1, '2026-05-01 09:00:00', '2026-06-14 09:00:00', 'In Progress', 28, 'Development started.', NULL),
    (101, 21, 30, 1, '2026-03-04 15:00:00', '2026-04-14 15:00:00', 'In Progress', 30, 'Development started.', NULL),
    (102, 21, 41, 1, '2026-03-10 13:00:00', '2026-04-23 13:00:00', 'In Progress', 48, 'Currently under active development.', NULL),
    (103, 21, 17, 1, '2026-03-15 02:00:00', '2026-04-07 02:00:00', 'Completed', 100, 'Task completed and verified.', '2026-03-25 02:00:00'),
    (104, 21, 43, 1, '2026-05-12 12:00:00', '2026-06-18 12:00:00', 'In Progress', 23, 'Development started.', NULL),
    (105, 21, 1, 1, '2026-03-26 06:00:00', '2026-04-24 06:00:00', 'Pending', 0, 'Awaiting requirement clarification.', NULL),
    (106, 22, 19, 1, '2026-04-23 00:00:00', '2026-06-05 00:00:00', 'Pending', 0, 'Awaiting requirement clarification.', NULL),
    (107, 22, 45, 1, '2026-06-19 05:00:00', '2026-07-27 05:00:00', 'On Hold', 58, 'Blocked due to dependency.', NULL),
    (108, 22, 2, 1, '2026-04-02 17:00:00', '2026-04-21 17:00:00', 'On Hold', 79, 'Paused pending approval from stakeholders.', NULL),
    (109, 22, 43, 1, '2026-05-27 04:00:00', '2026-06-09 04:00:00', 'Completed', 100, 'Delivered and closed successfully.', '2026-06-07 04:00:00'),
    (110, 22, 26, 1, '2026-06-21 15:00:00', '2026-07-26 15:00:00', 'Completed', 100, 'QA completed. Ready for deployment.', '2026-07-15 15:00:00'),
    (111, 23, 47, 1, '2026-03-17 19:00:00', '2026-04-05 19:00:00', 'Completed', 100, 'QA completed. Ready for deployment.', '2026-04-04 19:00:00'),
    (112, 23, 9, 1, '2026-03-30 08:00:00', '2026-05-08 08:00:00', 'Pending', 0, 'Not yet started, queued for this sprint.', NULL),
    (113, 23, 6, 1, '2026-05-20 16:00:00', '2026-06-26 16:00:00', 'In Progress', 47, 'Currently under active development.', NULL),
    (114, 23, 19, 1, '2026-04-06 21:00:00', '2026-05-12 21:00:00', 'In Progress', 19, 'Development started.', NULL),
    (115, 23, 21, 1, '2026-05-05 03:00:00', '2026-06-06 03:00:00', 'Pending', 0, 'Awaiting requirement clarification.', NULL),
    (116, 24, 24, 1, '2026-02-14 21:00:00', '2026-03-22 21:00:00', 'Completed', 100, 'Task completed and verified.', '2026-03-03 21:00:00'),
    (117, 24, 6, 1, '2026-03-26 04:00:00', '2026-04-25 04:00:00', 'In Progress', 23, 'Currently under active development.', NULL),
    (118, 24, 26, 1, '2026-05-03 09:00:00', '2026-05-11 09:00:00', 'Cancelled', 0, 'Duplicate of another task, cancelled.', NULL),
    (119, 24, 1, 1, '2026-02-08 14:00:00', '2026-03-01 14:00:00', 'In Progress', 18, 'Currently under active development.', NULL),
    (120, 24, 17, 1, '2026-03-05 02:00:00', '2026-03-31 02:00:00', 'In Progress', 62, 'Development started.', NULL),
    (121, 25, 9, 1, '2026-06-07 17:00:00', '2026-07-18 17:00:00', 'Pending', 0, 'Waiting for client feedback.', NULL),
    (122, 25, 3, 1, '2026-03-24 10:00:00', '2026-04-23 10:00:00', 'Pending', 0, 'Awaiting requirement clarification.', NULL),
    (123, 25, 20, 1, '2026-02-13 11:00:00', '2026-03-29 11:00:00', 'In Progress', 29, 'Work in progress, on track for deadline.', NULL),
    (124, 25, 32, 1, '2026-06-06 09:00:00', '2026-07-09 09:00:00', 'Pending', 0, 'Not yet started, queued for this sprint.', NULL),
    (125, 25, 8, 1, '2026-06-23 02:00:00', '2026-07-23 02:00:00', 'In Progress', 37, 'Work in progress, on track for deadline.', NULL),
    (126, 26, 29, 1, '2026-03-29 07:00:00', '2026-04-27 07:00:00', 'In Progress', 17, 'Work in progress, on track for deadline.', NULL),
    (127, 26, 16, 1, '2026-04-22 18:00:00', '2026-05-06 18:00:00', 'Pending', 0, 'Not yet started, queued for this sprint.', NULL),
    (128, 26, 24, 1, '2026-06-08 03:00:00', '2026-06-28 03:00:00', 'Completed', 100, 'Delivered and closed successfully.', '2026-06-09 03:00:00'),
    (129, 26, 7, 1, '2026-06-19 14:00:00', '2026-07-11 14:00:00', 'In Progress', 26, 'Currently under active development.', NULL),
    (130, 26, 44, 1, '2026-05-10 22:00:00', '2026-06-21 22:00:00', 'Completed', 100, 'QA completed. Ready for deployment.', '2026-06-17 22:00:00'),
    (131, 27, 14, 1, '2026-07-01 16:00:00', '2026-07-17 16:00:00', 'In Progress', 26, 'Currently under active development.', NULL),
    (132, 27, 15, 1, '2026-04-28 19:00:00', '2026-05-12 19:00:00', 'Pending', 0, 'Awaiting requirement clarification.', NULL),
    (133, 27, 22, 1, '2026-06-25 20:00:00', '2026-07-02 20:00:00', 'Cancelled', 0, 'Requirement dropped by product team.', NULL),
    (134, 27, 50, 1, '2026-05-02 06:00:00', '2026-05-29 06:00:00', 'In Progress', 12, 'Development started.', NULL),
    (135, 27, 10, 1, '2026-04-25 23:00:00', '2026-05-10 23:00:00', 'Pending', 0, 'Awaiting requirement clarification.', NULL),
    (136, 28, 27, 1, '2026-03-02 10:00:00', '2026-04-01 10:00:00', 'Completed', 100, 'Delivered and closed successfully.', '2026-03-21 10:00:00'),
    (137, 28, 34, 1, '2026-06-04 10:00:00', '2026-07-13 10:00:00', 'Completed', 100, 'QA completed. Ready for deployment.', '2026-06-07 10:00:00'),
    (138, 28, 8, 1, '2026-02-18 15:00:00', '2026-03-26 15:00:00', 'In Progress', 13, 'Development started.', NULL),
    (139, 28, 48, 1, '2026-03-01 12:00:00', '2026-04-04 12:00:00', 'On Hold', 46, 'Paused pending approval from stakeholders.', NULL),
    (140, 28, 5, 1, '2026-03-10 22:00:00', '2026-03-22 22:00:00', 'Completed', 100, 'Task completed and verified.', '2026-03-20 22:00:00'),
    (141, 29, 10, 1, '2026-02-11 02:00:00', '2026-03-10 02:00:00', 'Pending', 0, 'Not yet started, queued for this sprint.', NULL),
    (142, 29, 5, 1, '2026-02-16 15:00:00', '2026-03-24 15:00:00', 'Cancelled', 0, 'Duplicate of another task, cancelled.', NULL),
    (143, 29, 9, 1, '2026-03-13 21:00:00', '2026-03-27 21:00:00', 'Pending', 0, 'Awaiting requirement clarification.', NULL),
    (144, 29, 18, 1, '2026-02-10 01:00:00', '2026-03-02 01:00:00', 'In Progress', 65, 'Work in progress, on track for deadline.', NULL),
    (145, 29, 40, 1, '2026-05-04 11:00:00', '2026-06-01 11:00:00', 'In Progress', 68, 'Work in progress, on track for deadline.', NULL),
    (146, 30, 27, 1, '2026-04-12 03:00:00', '2026-05-05 03:00:00', 'Completed', 100, 'Task completed and verified.', '2026-04-17 03:00:00'),
    (147, 30, 47, 1, '2026-03-02 22:00:00', '2026-03-14 22:00:00', 'Pending', 0, 'Waiting for client feedback.', NULL),
    (148, 30, 7, 1, '2026-06-08 11:00:00', '2026-06-21 11:00:00', 'Completed', 100, 'Delivered and closed successfully.', '2026-06-20 11:00:00'),
    (149, 30, 21, 1, '2026-03-28 20:00:00', '2026-05-09 20:00:00', 'Completed', 100, 'QA completed. Ready for deployment.', '2026-05-05 20:00:00'),
    (150, 30, 28, 1, '2026-02-08 07:00:00', '2026-03-08 07:00:00', 'In Progress', 25, 'Work in progress, on track for deadline.', NULL);

-- ------------------------------------------------------------
-- Insert Activity Logs
-- ------------------------------------------------------------
INSERT INTO activity_logs (log_id, assignment_id, performed_by, action, old_value, new_value, created_at) VALUES
    (1, 1, 1, 'Task Assigned', NULL, '{"status": "Pending", "employee_id": 1}', '2026-05-10 11:12:00'),
    (2, 1, 2, 'Task Completed', '{"status": "In Progress", "completion_percentage": 77}', '{"status": "Completed", "completion_percentage": 100}', '2026-06-08 08:12:00'),
    (3, 2, 1, 'Task Assigned', NULL, '{"status": "Pending", "employee_id": 1}', '2026-06-26 06:28:00'),
    (4, 2, 2, 'Task Completed', '{"status": "In Progress", "completion_percentage": 53}', '{"status": "Completed", "completion_percentage": 100}', '2026-07-27 05:28:00'),
    (5, 3, 1, 'Task Assigned', NULL, '{"status": "Pending", "employee_id": 1}', '2026-04-02 15:10:00'),
    (6, 3, 2, 'Task Completed', '{"status": "In Progress", "completion_percentage": 72}', '{"status": "Completed", "completion_percentage": 100}', '2026-04-23 00:10:00'),
    (7, 4, 1, 'Task Assigned', NULL, '{"status": "Pending", "employee_id": 1}', '2026-02-12 05:04:00'),
    (8, 4, 2, 'Status Updated', '{"status": "Pending"}', '{"status": "In Progress", "completion_percentage": 72}', '2026-03-03 21:04:00'),
    (9, 5, 1, 'Task Assigned', NULL, '{"status": "Pending", "employee_id": 1}', '2026-04-23 11:07:00'),
    (10, 5, 2, 'Task Completed', '{"status": "In Progress", "completion_percentage": 80}', '{"status": "Completed", "completion_percentage": 100}', '2026-05-04 08:07:00'),
    (11, 6, 1, 'Task Assigned', NULL, '{"status": "Pending", "employee_id": 2}', '2026-05-20 10:08:00'),
    (12, 6, 3, 'Remarks Updated', '{"remarks": null}', '{"remarks": "Awaiting requirement clarification."}', '2026-06-03 13:08:00'),
    (13, 7, 1, 'Task Assigned', NULL, '{"status": "Pending", "employee_id": 2}', '2026-02-16 00:12:00'),
    (14, 7, 3, 'Task Completed', '{"status": "In Progress", "completion_percentage": 73}', '{"status": "Completed", "completion_percentage": 100}', '2026-03-16 17:12:00'),
    (15, 8, 1, 'Task Assigned', NULL, '{"status": "Pending", "employee_id": 2}', '2026-06-25 22:04:00'),
    (16, 8, 3, 'Status Updated', '{"status": "Pending"}', '{"status": "In Progress", "completion_percentage": 27}', '2026-07-14 16:04:00'),
    (17, 9, 1, 'Task Assigned', NULL, '{"status": "Pending", "employee_id": 2}', '2026-05-16 23:08:00'),
    (18, 9, 3, 'Remarks Updated', '{"remarks": null}', '{"remarks": "Not yet started, queued for this sprint."}', '2026-05-31 16:08:00'),
    (19, 10, 1, 'Task Assigned', NULL, '{"status": "Pending", "employee_id": 2}', '2026-04-09 18:25:00'),
    (20, 10, 3, 'Task Completed', '{"status": "In Progress", "completion_percentage": 67}', '{"status": "Completed", "completion_percentage": 100}', '2026-04-12 13:25:00'),
    (21, 11, 1, 'Task Assigned', NULL, '{"status": "Pending", "employee_id": 3}', '2026-06-11 09:01:00'),
    (22, 11, 4, 'Remarks Updated', '{"remarks": null}', '{"remarks": "Awaiting requirement clarification."}', '2026-06-13 17:01:00'),
    (23, 12, 1, 'Task Assigned', NULL, '{"status": "Pending", "employee_id": 3}', '2026-02-13 23:23:00'),
    (24, 12, 4, 'Remarks Updated', '{"remarks": null}', '{"remarks": "Waiting for client feedback."}', '2026-03-11 08:23:00'),
    (25, 13, 1, 'Task Assigned', NULL, '{"status": "Pending", "employee_id": 3}', '2026-06-14 04:30:00'),
    (26, 13, 4, 'Remarks Updated', '{"remarks": null}', '{"remarks": "Waiting for client feedback."}', '2026-06-20 15:30:00'),
    (27, 14, 1, 'Task Assigned', NULL, '{"status": "Pending", "employee_id": 3}', '2026-04-29 18:01:00'),
    (28, 14, 4, 'Task Completed', '{"status": "In Progress", "completion_percentage": 86}', '{"status": "Completed", "completion_percentage": 100}', '2026-05-01 22:01:00'),
    (29, 15, 1, 'Task Assigned', NULL, '{"status": "Pending", "employee_id": 3}', '2026-05-01 20:22:00'),
    (30, 15, 4, 'Remarks Updated', '{"remarks": null}', '{"remarks": "Awaiting requirement clarification."}', '2026-05-27 22:22:00'),
    (31, 16, 1, 'Task Assigned', NULL, '{"status": "Pending", "employee_id": 4}', '2026-04-27 13:05:00'),
    (32, 16, 5, 'Task Completed', '{"status": "In Progress", "completion_percentage": 83}', '{"status": "Completed", "completion_percentage": 100}', '2026-04-28 15:05:00'),
    (33, 17, 1, 'Task Assigned', NULL, '{"status": "Pending", "employee_id": 4}', '2026-05-21 15:07:00'),
    (34, 17, 5, 'Status Updated', '{"status": "Pending"}', '{"status": "In Progress", "completion_percentage": 84}', '2026-05-29 04:07:00'),
    (35, 18, 1, 'Task Assigned', NULL, '{"status": "Pending", "employee_id": 4}', '2026-04-13 06:15:00'),
    (36, 18, 5, 'Remarks Updated', '{"remarks": null}', '{"remarks": "Not yet started, queued for this sprint."}', '2026-04-24 11:15:00'),
    (37, 19, 1, 'Task Assigned', NULL, '{"status": "Pending", "employee_id": 4}', '2026-05-12 22:12:00'),
    (38, 19, 5, 'Status Updated', '{"status": "Pending"}', '{"status": "In Progress", "completion_percentage": 90}', '2026-06-02 21:12:00'),
    (39, 20, 1, 'Task Assigned', NULL, '{"status": "Pending", "employee_id": 4}', '2026-06-05 02:11:00'),
    (40, 20, 5, 'Remarks Updated', '{"remarks": null}', '{"remarks": "Awaiting requirement clarification."}', '2026-06-30 20:11:00'),
    (41, 21, 1, 'Task Assigned', NULL, '{"status": "Pending", "employee_id": 5}', '2026-02-15 11:20:00'),
    (42, 21, 6, 'Remarks Updated', '{"remarks": null}', '{"remarks": "Waiting for client feedback."}', '2026-02-18 12:20:00'),
    (43, 22, 1, 'Task Assigned', NULL, '{"status": "Pending", "employee_id": 5}', '2026-02-22 04:05:00'),
    (44, 22, 6, 'Task Completed', '{"status": "In Progress", "completion_percentage": 53}', '{"status": "Completed", "completion_percentage": 100}', '2026-02-28 23:05:00'),
    (45, 23, 1, 'Task Assigned', NULL, '{"status": "Pending", "employee_id": 5}', '2026-02-26 21:22:00'),
    (46, 23, 6, 'Status Updated', '{"status": "Pending"}', '{"status": "In Progress", "completion_percentage": 56}', '2026-03-05 05:22:00'),
    (47, 24, 1, 'Task Assigned', NULL, '{"status": "Pending", "employee_id": 5}', '2026-03-06 02:15:00'),
    (48, 24, 6, 'Task Completed', '{"status": "In Progress", "completion_percentage": 81}', '{"status": "Completed", "completion_percentage": 100}', '2026-03-17 15:15:00'),
    (49, 25, 1, 'Task Assigned', NULL, '{"status": "Pending", "employee_id": 5}', '2026-02-18 04:20:00'),
    (50, 25, 6, 'Status Updated', '{"status": "Pending"}', '{"status": "In Progress", "completion_percentage": 88}', '2026-03-05 17:20:00'),
    (51, 26, 1, 'Task Assigned', NULL, '{"status": "Pending", "employee_id": 6}', '2026-04-24 14:09:00'),
    (52, 26, 7, 'Task Completed', '{"status": "In Progress", "completion_percentage": 57}', '{"status": "Completed", "completion_percentage": 100}', '2026-05-02 06:09:00'),
    (53, 27, 1, 'Task Assigned', NULL, '{"status": "Pending", "employee_id": 6}', '2026-03-08 17:12:00'),
    (54, 27, 7, 'Task Completed', '{"status": "In Progress", "completion_percentage": 68}', '{"status": "Completed", "completion_percentage": 100}', '2026-04-05 20:12:00'),
    (55, 28, 1, 'Task Assigned', NULL, '{"status": "Pending", "employee_id": 6}', '2026-04-07 00:22:00'),
    (56, 28, 7, 'Status Updated', '{"status": "Pending"}', '{"status": "On Hold", "completion_percentage": 60}', '2026-05-09 16:22:00'),
    (57, 29, 1, 'Task Assigned', NULL, '{"status": "Pending", "employee_id": 6}', '2026-02-27 18:22:00'),
    (58, 29, 7, 'Status Updated', '{"status": "Pending"}', '{"status": "In Progress", "completion_percentage": 43}', '2026-03-09 19:22:00'),
    (59, 30, 1, 'Task Assigned', NULL, '{"status": "Pending", "employee_id": 6}', '2026-04-21 05:08:00'),
    (60, 30, 7, 'Status Updated', '{"status": "Pending"}', '{"status": "In Progress", "completion_percentage": 81}', '2026-05-05 00:08:00'),
    (61, 31, 1, 'Task Assigned', NULL, '{"status": "Pending", "employee_id": 7}', '2026-03-19 09:02:00'),
    (62, 31, 8, 'Status Updated', '{"status": "Pending"}', '{"status": "In Progress", "completion_percentage": 40}', '2026-03-20 15:02:00'),
    (63, 32, 1, 'Task Assigned', NULL, '{"status": "Pending", "employee_id": 7}', '2026-03-02 04:10:00'),
    (64, 32, 8, 'Task Completed', '{"status": "In Progress", "completion_percentage": 66}', '{"status": "Completed", "completion_percentage": 100}', '2026-03-16 08:10:00'),
    (65, 33, 1, 'Task Assigned', NULL, '{"status": "Pending", "employee_id": 7}', '2026-06-08 15:10:00'),
    (66, 33, 8, 'Status Updated', '{"status": "Pending"}', '{"status": "In Progress", "completion_percentage": 61}', '2026-06-19 18:10:00'),
    (67, 34, 1, 'Task Assigned', NULL, '{"status": "Pending", "employee_id": 7}', '2026-04-30 15:01:00'),
    (68, 34, 8, 'Status Updated', '{"status": "Pending"}', '{"status": "In Progress", "completion_percentage": 57}', '2026-06-02 14:01:00'),
    (69, 35, 1, 'Task Assigned', NULL, '{"status": "Pending", "employee_id": 7}', '2026-02-10 08:14:00'),
    (70, 35, 8, 'Status Updated', '{"status": "Pending"}', '{"status": "In Progress", "completion_percentage": 64}', '2026-02-16 12:14:00'),
    (71, 36, 1, 'Task Assigned', NULL, '{"status": "Pending", "employee_id": 8}', '2026-04-23 15:13:00'),
    (72, 36, 9, 'Remarks Updated', '{"remarks": null}', '{"remarks": "Waiting for client feedback."}', '2026-05-12 13:13:00'),
    (73, 37, 1, 'Task Assigned', NULL, '{"status": "Pending", "employee_id": 8}', '2026-06-01 01:08:00'),
    (74, 37, 9, 'Task Completed', '{"status": "In Progress", "completion_percentage": 72}', '{"status": "Completed", "completion_percentage": 100}', '2026-06-18 18:08:00'),
    (75, 38, 1, 'Task Assigned', NULL, '{"status": "Pending", "employee_id": 8}', '2026-02-14 02:03:00'),
    (76, 38, 9, 'Remarks Updated', '{"remarks": null}', '{"remarks": "Waiting for client feedback."}', '2026-02-28 01:03:00'),
    (77, 39, 1, 'Task Assigned', NULL, '{"status": "Pending", "employee_id": 8}', '2026-05-07 01:02:00'),
    (78, 39, 9, 'Task Completed', '{"status": "In Progress", "completion_percentage": 79}', '{"status": "Completed", "completion_percentage": 100}', '2026-06-04 01:02:00'),
    (79, 40, 1, 'Task Assigned', NULL, '{"status": "Pending", "employee_id": 8}', '2026-04-20 21:30:00'),
    (80, 40, 9, 'Status Updated', '{"status": "Pending"}', '{"status": "In Progress", "completion_percentage": 47}', '2026-04-24 07:30:00'),
    (81, 41, 1, 'Task Assigned', NULL, '{"status": "Pending", "employee_id": 9}', '2026-02-15 20:19:00'),
    (82, 41, 10, 'Status Updated', '{"status": "Pending"}', '{"status": "In Progress", "completion_percentage": 15}', '2026-03-02 14:19:00'),
    (83, 42, 1, 'Task Assigned', NULL, '{"status": "Pending", "employee_id": 9}', '2026-02-10 15:13:00'),
    (84, 42, 10, 'Remarks Updated', '{"remarks": null}', '{"remarks": "Awaiting requirement clarification."}', '2026-02-23 11:13:00'),
    (85, 43, 1, 'Task Assigned', NULL, '{"status": "Pending", "employee_id": 9}', '2026-02-26 21:14:00'),
    (86, 43, 10, 'Remarks Updated', '{"remarks": null}', '{"remarks": "Awaiting requirement clarification."}', '2026-03-02 00:14:00'),
    (87, 44, 1, 'Task Assigned', NULL, '{"status": "Pending", "employee_id": 9}', '2026-04-20 09:13:00'),
    (88, 44, 10, 'Task Completed', '{"status": "In Progress", "completion_percentage": 60}', '{"status": "Completed", "completion_percentage": 100}', '2026-04-22 19:13:00'),
    (89, 45, 1, 'Task Assigned', NULL, '{"status": "Pending", "employee_id": 9}', '2026-05-15 23:26:00'),
    (90, 45, 10, 'Remarks Updated', '{"remarks": null}', '{"remarks": "Not yet started, queued for this sprint."}', '2026-06-05 13:26:00'),
    (91, 46, 1, 'Task Assigned', NULL, '{"status": "Pending", "employee_id": 10}', '2026-06-18 20:27:00'),
    (92, 46, 11, 'Remarks Updated', '{"remarks": null}', '{"remarks": "Awaiting requirement clarification."}', '2026-07-01 07:27:00'),
    (93, 47, 1, 'Task Assigned', NULL, '{"status": "Pending", "employee_id": 10}', '2026-04-15 22:03:00'),
    (94, 47, 11, 'Remarks Updated', '{"remarks": null}', '{"remarks": "Waiting for client feedback."}', '2026-04-30 01:03:00'),
    (95, 48, 1, 'Task Assigned', NULL, '{"status": "Pending", "employee_id": 10}', '2026-02-09 11:08:00'),
    (96, 48, 11, 'Status Updated', '{"status": "Pending"}', '{"status": "In Progress", "completion_percentage": 86}', '2026-03-10 05:08:00'),
    (97, 49, 1, 'Task Assigned', NULL, '{"status": "Pending", "employee_id": 10}', '2026-05-05 08:13:00'),
    (98, 49, 1, 'Status Updated', '{"status": "Pending"}', '{"status": "Cancelled"}', '2026-05-22 10:13:00'),
    (99, 50, 1, 'Task Assigned', NULL, '{"status": "Pending", "employee_id": 10}', '2026-03-10 15:13:00'),
    (100, 50, 11, 'Remarks Updated', '{"remarks": null}', '{"remarks": "Not yet started, queued for this sprint."}', '2026-03-31 14:13:00'),
    (101, 51, 1, 'Task Assigned', NULL, '{"status": "Pending", "employee_id": 11}', '2026-06-06 18:11:00'),
    (102, 51, 12, 'Status Updated', '{"status": "Pending"}', '{"status": "In Progress", "completion_percentage": 43}', '2026-06-15 04:11:00'),
    (103, 52, 1, 'Task Assigned', NULL, '{"status": "Pending", "employee_id": 11}', '2026-06-11 19:25:00'),
    (104, 52, 12, 'Task Completed', '{"status": "In Progress", "completion_percentage": 82}', '{"status": "Completed", "completion_percentage": 100}', '2026-06-17 21:25:00'),
    (105, 53, 1, 'Task Assigned', NULL, '{"status": "Pending", "employee_id": 11}', '2026-06-12 19:21:00'),
    (106, 53, 12, 'Remarks Updated', '{"remarks": null}', '{"remarks": "Not yet started, queued for this sprint."}', '2026-06-14 11:21:00'),
    (107, 54, 1, 'Task Assigned', NULL, '{"status": "Pending", "employee_id": 11}', '2026-03-08 02:17:00'),
    (108, 54, 12, 'Status Updated', '{"status": "Pending"}', '{"status": "On Hold", "completion_percentage": 70}', '2026-03-21 13:17:00'),
    (109, 55, 1, 'Task Assigned', NULL, '{"status": "Pending", "employee_id": 11}', '2026-06-23 17:12:00'),
    (110, 55, 12, 'Task Completed', '{"status": "In Progress", "completion_percentage": 59}', '{"status": "Completed", "completion_percentage": 100}', '2026-07-18 13:12:00'),
    (111, 56, 1, 'Task Assigned', NULL, '{"status": "Pending", "employee_id": 12}', '2026-04-25 04:08:00'),
    (112, 56, 13, 'Remarks Updated', '{"remarks": null}', '{"remarks": "Awaiting requirement clarification."}', '2026-05-02 08:08:00'),
    (113, 57, 1, 'Task Assigned', NULL, '{"status": "Pending", "employee_id": 12}', '2026-05-12 11:09:00'),
    (114, 57, 13, 'Status Updated', '{"status": "Pending"}', '{"status": "In Progress", "completion_percentage": 79}', '2026-05-16 16:09:00'),
    (115, 58, 1, 'Task Assigned', NULL, '{"status": "Pending", "employee_id": 12}', '2026-05-24 16:20:00'),
    (116, 58, 13, 'Task Completed', '{"status": "In Progress", "completion_percentage": 54}', '{"status": "Completed", "completion_percentage": 100}', '2026-05-28 12:20:00'),
    (117, 59, 1, 'Task Assigned', NULL, '{"status": "Pending", "employee_id": 12}', '2026-05-20 15:06:00'),
    (118, 59, 13, 'Task Completed', '{"status": "In Progress", "completion_percentage": 79}', '{"status": "Completed", "completion_percentage": 100}', '2026-07-01 06:06:00'),
    (119, 60, 1, 'Task Assigned', NULL, '{"status": "Pending", "employee_id": 12}', '2026-04-19 10:25:00'),
    (120, 60, 13, 'Status Updated', '{"status": "Pending"}', '{"status": "In Progress", "completion_percentage": 69}', '2026-04-30 04:25:00'),
    (121, 61, 1, 'Task Assigned', NULL, '{"status": "Pending", "employee_id": 13}', '2026-02-13 09:15:00'),
    (122, 61, 14, 'Task Completed', '{"status": "In Progress", "completion_percentage": 70}', '{"status": "Completed", "completion_percentage": 100}', '2026-03-07 05:15:00'),
    (123, 62, 1, 'Task Assigned', NULL, '{"status": "Pending", "employee_id": 13}', '2026-03-13 01:05:00'),
    (124, 62, 14, 'Remarks Updated', '{"remarks": null}', '{"remarks": "Awaiting requirement clarification."}', '2026-03-28 03:05:00'),
    (125, 63, 1, 'Task Assigned', NULL, '{"status": "Pending", "employee_id": 13}', '2026-04-29 00:16:00'),
    (126, 63, 1, 'Status Updated', '{"status": "Pending"}', '{"status": "Cancelled"}', '2026-05-07 20:16:00'),
    (127, 64, 1, 'Task Assigned', NULL, '{"status": "Pending", "employee_id": 13}', '2026-06-26 03:10:00'),
    (128, 64, 1, 'Status Updated', '{"status": "Pending"}', '{"status": "Cancelled"}', '2026-07-05 21:10:00'),
    (129, 65, 1, 'Task Assigned', NULL, '{"status": "Pending", "employee_id": 13}', '2026-06-21 19:02:00'),
    (130, 65, 14, 'Status Updated', '{"status": "Pending"}', '{"status": "In Progress", "completion_percentage": 76}', '2026-07-15 11:02:00'),
    (131, 66, 1, 'Task Assigned', NULL, '{"status": "Pending", "employee_id": 14}', '2026-02-26 22:03:00'),
    (132, 66, 15, 'Status Updated', '{"status": "Pending"}', '{"status": "On Hold", "completion_percentage": 62}', '2026-03-19 12:03:00'),
    (133, 67, 1, 'Task Assigned', NULL, '{"status": "Pending", "employee_id": 14}', '2026-04-07 14:15:00'),
    (134, 67, 15, 'Status Updated', '{"status": "Pending"}', '{"status": "In Progress", "completion_percentage": 30}', '2026-04-08 15:15:00'),
    (135, 68, 1, 'Task Assigned', NULL, '{"status": "Pending", "employee_id": 14}', '2026-03-18 02:12:00'),
    (136, 68, 15, 'Status Updated', '{"status": "Pending"}', '{"status": "In Progress", "completion_percentage": 46}', '2026-04-06 04:12:00'),
    (137, 69, 1, 'Task Assigned', NULL, '{"status": "Pending", "employee_id": 14}', '2026-03-21 07:21:00'),
    (138, 69, 15, 'Task Completed', '{"status": "In Progress", "completion_percentage": 88}', '{"status": "Completed", "completion_percentage": 100}', '2026-03-24 02:21:00'),
    (139, 70, 1, 'Task Assigned', NULL, '{"status": "Pending", "employee_id": 14}', '2026-04-12 16:17:00'),
    (140, 70, 15, 'Task Completed', '{"status": "In Progress", "completion_percentage": 87}', '{"status": "Completed", "completion_percentage": 100}', '2026-04-26 06:17:00'),
    (141, 71, 1, 'Task Assigned', NULL, '{"status": "Pending", "employee_id": 15}', '2026-03-05 11:18:00'),
    (142, 71, 16, 'Status Updated', '{"status": "Pending"}', '{"status": "In Progress", "completion_percentage": 34}', '2026-03-07 01:18:00'),
    (143, 72, 1, 'Task Assigned', NULL, '{"status": "Pending", "employee_id": 15}', '2026-03-31 05:30:00'),
    (144, 72, 16, 'Remarks Updated', '{"remarks": null}', '{"remarks": "Awaiting requirement clarification."}', '2026-05-08 01:30:00'),
    (145, 73, 1, 'Task Assigned', NULL, '{"status": "Pending", "employee_id": 15}', '2026-03-10 23:07:00'),
    (146, 73, 16, 'Task Completed', '{"status": "In Progress", "completion_percentage": 80}', '{"status": "Completed", "completion_percentage": 100}', '2026-03-22 18:07:00'),
    (147, 74, 1, 'Task Assigned', NULL, '{"status": "Pending", "employee_id": 15}', '2026-05-29 15:17:00'),
    (148, 74, 16, 'Task Completed', '{"status": "In Progress", "completion_percentage": 78}', '{"status": "Completed", "completion_percentage": 100}', '2026-06-08 16:17:00'),
    (149, 75, 1, 'Task Assigned', NULL, '{"status": "Pending", "employee_id": 15}', '2026-06-01 00:04:00'),
    (150, 75, 16, 'Remarks Updated', '{"remarks": null}', '{"remarks": "Waiting for client feedback."}', '2026-06-23 22:04:00'),
    (151, 76, 1, 'Task Assigned', NULL, '{"status": "Pending", "employee_id": 16}', '2026-02-10 11:03:00'),
    (152, 76, 17, 'Remarks Updated', '{"remarks": null}', '{"remarks": "Waiting for client feedback."}', '2026-02-20 07:03:00'),
    (153, 77, 1, 'Task Assigned', NULL, '{"status": "Pending", "employee_id": 16}', '2026-06-02 10:06:00'),
    (154, 77, 17, 'Remarks Updated', '{"remarks": null}', '{"remarks": "Awaiting requirement clarification."}', '2026-06-03 17:06:00'),
    (155, 78, 1, 'Task Assigned', NULL, '{"status": "Pending", "employee_id": 16}', '2026-05-23 09:23:00'),
    (156, 78, 17, 'Remarks Updated', '{"remarks": null}', '{"remarks": "Awaiting requirement clarification."}', '2026-06-07 23:23:00'),
    (157, 79, 1, 'Task Assigned', NULL, '{"status": "Pending", "employee_id": 16}', '2026-04-23 11:17:00'),
    (158, 79, 17, 'Remarks Updated', '{"remarks": null}', '{"remarks": "Not yet started, queued for this sprint."}', '2026-05-28 06:17:00'),
    (159, 80, 1, 'Task Assigned', NULL, '{"status": "Pending", "employee_id": 16}', '2026-04-30 10:06:00'),
    (160, 80, 17, 'Remarks Updated', '{"remarks": null}', '{"remarks": "Waiting for client feedback."}', '2026-05-24 21:06:00'),
    (161, 81, 1, 'Task Assigned', NULL, '{"status": "Pending", "employee_id": 17}', '2026-05-28 22:30:00'),
    (162, 81, 18, 'Remarks Updated', '{"remarks": null}', '{"remarks": "Not yet started, queued for this sprint."}', '2026-06-08 10:30:00'),
    (163, 82, 1, 'Task Assigned', NULL, '{"status": "Pending", "employee_id": 17}', '2026-04-05 08:14:00'),
    (164, 82, 18, 'Status Updated', '{"status": "Pending"}', '{"status": "On Hold", "completion_percentage": 40}', '2026-04-17 05:14:00'),
    (165, 83, 1, 'Task Assigned', NULL, '{"status": "Pending", "employee_id": 17}', '2026-04-16 06:20:00'),
    (166, 83, 18, 'Remarks Updated', '{"remarks": null}', '{"remarks": "Awaiting requirement clarification."}', '2026-04-21 02:20:00'),
    (167, 84, 1, 'Task Assigned', NULL, '{"status": "Pending", "employee_id": 17}', '2026-02-26 20:21:00'),
    (168, 84, 18, 'Task Completed', '{"status": "In Progress", "completion_percentage": 71}', '{"status": "Completed", "completion_percentage": 100}', '2026-03-20 22:21:00'),
    (169, 85, 1, 'Task Assigned', NULL, '{"status": "Pending", "employee_id": 17}', '2026-04-04 14:04:00'),
    (170, 85, 18, 'Status Updated', '{"status": "Pending"}', '{"status": "In Progress", "completion_percentage": 79}', '2026-05-11 11:04:00'),
    (171, 86, 1, 'Task Assigned', NULL, '{"status": "Pending", "employee_id": 18}', '2026-03-25 17:13:00'),
    (172, 86, 19, 'Task Completed', '{"status": "In Progress", "completion_percentage": 88}', '{"status": "Completed", "completion_percentage": 100}', '2026-04-14 01:13:00'),
    (173, 87, 1, 'Task Assigned', NULL, '{"status": "Pending", "employee_id": 18}', '2026-03-02 02:28:00'),
    (174, 87, 19, 'Task Completed', '{"status": "In Progress", "completion_percentage": 55}', '{"status": "Completed", "completion_percentage": 100}', '2026-03-07 12:28:00'),
    (175, 88, 1, 'Task Assigned', NULL, '{"status": "Pending", "employee_id": 18}', '2026-05-24 09:19:00'),
    (176, 88, 19, 'Task Completed', '{"status": "In Progress", "completion_percentage": 69}', '{"status": "Completed", "completion_percentage": 100}', '2026-05-27 20:19:00'),
    (177, 89, 1, 'Task Assigned', NULL, '{"status": "Pending", "employee_id": 18}', '2026-06-06 10:21:00'),
    (178, 89, 19, 'Remarks Updated', '{"remarks": null}', '{"remarks": "Awaiting requirement clarification."}', '2026-06-19 07:21:00'),
    (179, 90, 1, 'Task Assigned', NULL, '{"status": "Pending", "employee_id": 18}', '2026-03-08 00:13:00'),
    (180, 90, 19, 'Status Updated', '{"status": "Pending"}', '{"status": "On Hold", "completion_percentage": 66}', '2026-03-11 19:13:00'),
    (181, 91, 1, 'Task Assigned', NULL, '{"status": "Pending", "employee_id": 19}', '2026-03-22 04:23:00'),
    (182, 91, 20, 'Remarks Updated', '{"remarks": null}', '{"remarks": "Not yet started, queued for this sprint."}', '2026-03-24 13:23:00'),
    (183, 92, 1, 'Task Assigned', NULL, '{"status": "Pending", "employee_id": 19}', '2026-02-15 12:18:00'),
    (184, 92, 20, 'Status Updated', '{"status": "Pending"}', '{"status": "In Progress", "completion_percentage": 90}', '2026-03-01 08:18:00'),
    (185, 93, 1, 'Task Assigned', NULL, '{"status": "Pending", "employee_id": 19}', '2026-02-27 07:26:00'),
    (186, 93, 1, 'Status Updated', '{"status": "Pending"}', '{"status": "Cancelled"}', '2026-03-05 11:26:00'),
    (187, 94, 1, 'Task Assigned', NULL, '{"status": "Pending", "employee_id": 19}', '2026-06-14 17:22:00'),
    (188, 94, 20, 'Remarks Updated', '{"remarks": null}', '{"remarks": "Waiting for client feedback."}', '2026-07-08 16:22:00'),
    (189, 95, 1, 'Task Assigned', NULL, '{"status": "Pending", "employee_id": 19}', '2026-06-08 11:22:00'),
    (190, 95, 20, 'Task Completed', '{"status": "In Progress", "completion_percentage": 77}', '{"status": "Completed", "completion_percentage": 100}', '2026-06-17 13:22:00'),
    (191, 96, 1, 'Task Assigned', NULL, '{"status": "Pending", "employee_id": 20}', '2026-06-24 23:17:00'),
    (192, 96, 21, 'Task Completed', '{"status": "In Progress", "completion_percentage": 73}', '{"status": "Completed", "completion_percentage": 100}', '2026-07-06 23:17:00'),
    (193, 97, 1, 'Task Assigned', NULL, '{"status": "Pending", "employee_id": 20}', '2026-04-01 13:10:00'),
    (194, 97, 21, 'Status Updated', '{"status": "Pending"}', '{"status": "In Progress", "completion_percentage": 28}', '2026-04-13 19:10:00'),
    (195, 98, 1, 'Task Assigned', NULL, '{"status": "Pending", "employee_id": 20}', '2026-02-16 11:11:00'),
    (196, 98, 21, 'Status Updated', '{"status": "Pending"}', '{"status": "In Progress", "completion_percentage": 33}', '2026-03-20 17:11:00'),
    (197, 99, 1, 'Task Assigned', NULL, '{"status": "Pending", "employee_id": 20}', '2026-05-18 22:08:00'),
    (198, 99, 21, 'Task Completed', '{"status": "In Progress", "completion_percentage": 54}', '{"status": "Completed", "completion_percentage": 100}', '2026-05-24 02:08:00'),
    (199, 100, 1, 'Task Assigned', NULL, '{"status": "Pending", "employee_id": 20}', '2026-05-01 09:10:00'),
    (200, 100, 21, 'Status Updated', '{"status": "Pending"}', '{"status": "In Progress", "completion_percentage": 28}', '2026-05-09 01:10:00'),
    (201, 101, 1, 'Task Assigned', NULL, '{"status": "Pending", "employee_id": 21}', '2026-03-04 15:25:00'),
    (202, 101, 22, 'Status Updated', '{"status": "Pending"}', '{"status": "In Progress", "completion_percentage": 30}', '2026-04-09 14:25:00'),
    (203, 102, 1, 'Task Assigned', NULL, '{"status": "Pending", "employee_id": 21}', '2026-03-10 13:29:00'),
    (204, 102, 22, 'Status Updated', '{"status": "Pending"}', '{"status": "In Progress", "completion_percentage": 48}', '2026-04-13 14:29:00'),
    (205, 103, 1, 'Task Assigned', NULL, '{"status": "Pending", "employee_id": 21}', '2026-03-15 02:22:00'),
    (206, 103, 22, 'Task Completed', '{"status": "In Progress", "completion_percentage": 58}', '{"status": "Completed", "completion_percentage": 100}', '2026-03-26 21:22:00'),
    (207, 104, 1, 'Task Assigned', NULL, '{"status": "Pending", "employee_id": 21}', '2026-05-12 12:20:00'),
    (208, 104, 22, 'Status Updated', '{"status": "Pending"}', '{"status": "In Progress", "completion_percentage": 23}', '2026-06-06 16:20:00'),
    (209, 105, 1, 'Task Assigned', NULL, '{"status": "Pending", "employee_id": 21}', '2026-03-26 06:06:00'),
    (210, 105, 22, 'Remarks Updated', '{"remarks": null}', '{"remarks": "Awaiting requirement clarification."}', '2026-04-02 04:06:00'),
    (211, 106, 1, 'Task Assigned', NULL, '{"status": "Pending", "employee_id": 22}', '2026-04-23 00:25:00'),
    (212, 106, 23, 'Remarks Updated', '{"remarks": null}', '{"remarks": "Awaiting requirement clarification."}', '2026-06-02 05:25:00'),
    (213, 107, 1, 'Task Assigned', NULL, '{"status": "Pending", "employee_id": 22}', '2026-06-19 05:24:00'),
    (214, 107, 23, 'Status Updated', '{"status": "Pending"}', '{"status": "On Hold", "completion_percentage": 58}', '2026-07-18 06:24:00'),
    (215, 108, 1, 'Task Assigned', NULL, '{"status": "Pending", "employee_id": 22}', '2026-04-02 17:14:00'),
    (216, 108, 23, 'Status Updated', '{"status": "Pending"}', '{"status": "On Hold", "completion_percentage": 79}', '2026-04-15 14:14:00'),
    (217, 109, 1, 'Task Assigned', NULL, '{"status": "Pending", "employee_id": 22}', '2026-05-27 04:24:00'),
    (218, 109, 23, 'Task Completed', '{"status": "In Progress", "completion_percentage": 89}', '{"status": "Completed", "completion_percentage": 100}', '2026-05-31 18:24:00'),
    (219, 110, 1, 'Task Assigned', NULL, '{"status": "Pending", "employee_id": 22}', '2026-06-21 15:10:00'),
    (220, 110, 23, 'Task Completed', '{"status": "In Progress", "completion_percentage": 84}', '{"status": "Completed", "completion_percentage": 100}', '2026-07-20 22:10:00'),
    (221, 111, 1, 'Task Assigned', NULL, '{"status": "Pending", "employee_id": 23}', '2026-03-17 19:08:00'),
    (222, 111, 24, 'Task Completed', '{"status": "In Progress", "completion_percentage": 62}', '{"status": "Completed", "completion_percentage": 100}', '2026-03-28 10:08:00'),
    (223, 112, 1, 'Task Assigned', NULL, '{"status": "Pending", "employee_id": 23}', '2026-03-30 08:12:00'),
    (224, 112, 24, 'Remarks Updated', '{"remarks": null}', '{"remarks": "Not yet started, queued for this sprint."}', '2026-05-06 22:12:00'),
    (225, 113, 1, 'Task Assigned', NULL, '{"status": "Pending", "employee_id": 23}', '2026-05-20 16:15:00'),
    (226, 113, 24, 'Status Updated', '{"status": "Pending"}', '{"status": "In Progress", "completion_percentage": 47}', '2026-06-09 04:15:00'),
    (227, 114, 1, 'Task Assigned', NULL, '{"status": "Pending", "employee_id": 23}', '2026-04-06 21:17:00'),
    (228, 114, 24, 'Status Updated', '{"status": "Pending"}', '{"status": "In Progress", "completion_percentage": 19}', '2026-05-11 10:17:00'),
    (229, 115, 1, 'Task Assigned', NULL, '{"status": "Pending", "employee_id": 23}', '2026-05-05 03:06:00'),
    (230, 115, 24, 'Remarks Updated', '{"remarks": null}', '{"remarks": "Awaiting requirement clarification."}', '2026-06-01 09:06:00'),
    (231, 116, 1, 'Task Assigned', NULL, '{"status": "Pending", "employee_id": 24}', '2026-02-14 21:26:00'),
    (232, 116, 25, 'Task Completed', '{"status": "In Progress", "completion_percentage": 53}', '{"status": "Completed", "completion_percentage": 100}', '2026-02-24 05:26:00'),
    (233, 117, 1, 'Task Assigned', NULL, '{"status": "Pending", "employee_id": 24}', '2026-03-26 04:21:00'),
    (234, 117, 25, 'Status Updated', '{"status": "Pending"}', '{"status": "In Progress", "completion_percentage": 23}', '2026-04-11 15:21:00'),
    (235, 118, 1, 'Task Assigned', NULL, '{"status": "Pending", "employee_id": 24}', '2026-05-03 09:18:00'),
    (236, 118, 1, 'Status Updated', '{"status": "Pending"}', '{"status": "Cancelled"}', '2026-05-05 07:18:00'),
    (237, 119, 1, 'Task Assigned', NULL, '{"status": "Pending", "employee_id": 24}', '2026-02-08 14:28:00'),
    (238, 119, 25, 'Status Updated', '{"status": "Pending"}', '{"status": "In Progress", "completion_percentage": 18}', '2026-02-25 17:28:00'),
    (239, 120, 1, 'Task Assigned', NULL, '{"status": "Pending", "employee_id": 24}', '2026-03-05 02:10:00'),
    (240, 120, 25, 'Status Updated', '{"status": "Pending"}', '{"status": "In Progress", "completion_percentage": 62}', '2026-03-08 07:10:00'),
    (241, 121, 1, 'Task Assigned', NULL, '{"status": "Pending", "employee_id": 25}', '2026-06-07 17:09:00'),
    (242, 121, 26, 'Remarks Updated', '{"remarks": null}', '{"remarks": "Waiting for client feedback."}', '2026-07-07 09:09:00'),
    (243, 122, 1, 'Task Assigned', NULL, '{"status": "Pending", "employee_id": 25}', '2026-03-24 10:05:00'),
    (244, 122, 26, 'Remarks Updated', '{"remarks": null}', '{"remarks": "Awaiting requirement clarification."}', '2026-04-20 23:05:00'),
    (245, 123, 1, 'Task Assigned', NULL, '{"status": "Pending", "employee_id": 25}', '2026-02-13 11:03:00'),
    (246, 123, 26, 'Status Updated', '{"status": "Pending"}', '{"status": "In Progress", "completion_percentage": 29}', '2026-03-01 01:03:00'),
    (247, 124, 1, 'Task Assigned', NULL, '{"status": "Pending", "employee_id": 25}', '2026-06-06 09:29:00'),
    (248, 124, 26, 'Remarks Updated', '{"remarks": null}', '{"remarks": "Not yet started, queued for this sprint."}', '2026-06-29 09:29:00'),
    (249, 125, 1, 'Task Assigned', NULL, '{"status": "Pending", "employee_id": 25}', '2026-06-23 02:14:00'),
    (250, 125, 26, 'Status Updated', '{"status": "Pending"}', '{"status": "In Progress", "completion_percentage": 37}', '2026-06-25 14:14:00'),
    (251, 126, 1, 'Task Assigned', NULL, '{"status": "Pending", "employee_id": 26}', '2026-03-29 07:17:00'),
    (252, 126, 27, 'Status Updated', '{"status": "Pending"}', '{"status": "In Progress", "completion_percentage": 17}', '2026-04-10 14:17:00'),
    (253, 127, 1, 'Task Assigned', NULL, '{"status": "Pending", "employee_id": 26}', '2026-04-22 18:13:00'),
    (254, 127, 27, 'Remarks Updated', '{"remarks": null}', '{"remarks": "Not yet started, queued for this sprint."}', '2026-04-25 05:13:00'),
    (255, 128, 1, 'Task Assigned', NULL, '{"status": "Pending", "employee_id": 26}', '2026-06-08 03:08:00'),
    (256, 128, 27, 'Task Completed', '{"status": "In Progress", "completion_percentage": 56}', '{"status": "Completed", "completion_percentage": 100}', '2026-06-09 13:08:00'),
    (257, 129, 1, 'Task Assigned', NULL, '{"status": "Pending", "employee_id": 26}', '2026-06-19 14:27:00'),
    (258, 129, 27, 'Status Updated', '{"status": "Pending"}', '{"status": "In Progress", "completion_percentage": 26}', '2026-07-11 00:27:00'),
    (259, 130, 1, 'Task Assigned', NULL, '{"status": "Pending", "employee_id": 26}', '2026-05-10 22:26:00'),
    (260, 130, 27, 'Task Completed', '{"status": "In Progress", "completion_percentage": 52}', '{"status": "Completed", "completion_percentage": 100}', '2026-05-21 02:26:00'),
    (261, 131, 1, 'Task Assigned', NULL, '{"status": "Pending", "employee_id": 27}', '2026-07-01 16:10:00'),
    (262, 131, 28, 'Status Updated', '{"status": "Pending"}', '{"status": "In Progress", "completion_percentage": 26}', '2026-07-17 07:10:00'),
    (263, 132, 1, 'Task Assigned', NULL, '{"status": "Pending", "employee_id": 27}', '2026-04-28 19:23:00'),
    (264, 132, 28, 'Remarks Updated', '{"remarks": null}', '{"remarks": "Awaiting requirement clarification."}', '2026-05-02 17:23:00'),
    (265, 133, 1, 'Task Assigned', NULL, '{"status": "Pending", "employee_id": 27}', '2026-06-25 20:16:00'),
    (266, 133, 1, 'Status Updated', '{"status": "Pending"}', '{"status": "Cancelled"}', '2026-06-30 15:16:00'),
    (267, 134, 1, 'Task Assigned', NULL, '{"status": "Pending", "employee_id": 27}', '2026-05-02 06:01:00'),
    (268, 134, 28, 'Status Updated', '{"status": "Pending"}', '{"status": "In Progress", "completion_percentage": 12}', '2026-05-05 06:01:00'),
    (269, 135, 1, 'Task Assigned', NULL, '{"status": "Pending", "employee_id": 27}', '2026-04-25 23:09:00'),
    (270, 135, 28, 'Remarks Updated', '{"remarks": null}', '{"remarks": "Awaiting requirement clarification."}', '2026-04-30 03:09:00'),
    (271, 136, 1, 'Task Assigned', NULL, '{"status": "Pending", "employee_id": 28}', '2026-03-02 10:18:00'),
    (272, 136, 29, 'Task Completed', '{"status": "In Progress", "completion_percentage": 83}', '{"status": "Completed", "completion_percentage": 100}', '2026-03-27 05:18:00'),
    (273, 137, 1, 'Task Assigned', NULL, '{"status": "Pending", "employee_id": 28}', '2026-06-04 10:14:00'),
    (274, 137, 29, 'Task Completed', '{"status": "In Progress", "completion_percentage": 65}', '{"status": "Completed", "completion_percentage": 100}', '2026-06-12 19:14:00'),
    (275, 138, 1, 'Task Assigned', NULL, '{"status": "Pending", "employee_id": 28}', '2026-02-18 15:10:00'),
    (276, 138, 29, 'Status Updated', '{"status": "Pending"}', '{"status": "In Progress", "completion_percentage": 13}', '2026-02-26 16:10:00'),
    (277, 139, 1, 'Task Assigned', NULL, '{"status": "Pending", "employee_id": 28}', '2026-03-01 12:08:00'),
    (278, 139, 29, 'Status Updated', '{"status": "Pending"}', '{"status": "On Hold", "completion_percentage": 46}', '2026-03-29 08:08:00'),
    (279, 140, 1, 'Task Assigned', NULL, '{"status": "Pending", "employee_id": 28}', '2026-03-10 22:26:00'),
    (280, 140, 29, 'Task Completed', '{"status": "In Progress", "completion_percentage": 54}', '{"status": "Completed", "completion_percentage": 100}', '2026-03-21 12:26:00'),
    (281, 141, 1, 'Task Assigned', NULL, '{"status": "Pending", "employee_id": 29}', '2026-02-11 02:04:00'),
    (282, 141, 30, 'Remarks Updated', '{"remarks": null}', '{"remarks": "Not yet started, queued for this sprint."}', '2026-02-27 21:04:00'),
    (283, 142, 1, 'Task Assigned', NULL, '{"status": "Pending", "employee_id": 29}', '2026-02-16 15:18:00'),
    (284, 142, 1, 'Status Updated', '{"status": "Pending"}', '{"status": "Cancelled"}', '2026-02-19 11:18:00'),
    (285, 143, 1, 'Task Assigned', NULL, '{"status": "Pending", "employee_id": 29}', '2026-03-13 21:17:00'),
    (286, 143, 30, 'Remarks Updated', '{"remarks": null}', '{"remarks": "Awaiting requirement clarification."}', '2026-03-24 04:17:00'),
    (287, 144, 1, 'Task Assigned', NULL, '{"status": "Pending", "employee_id": 29}', '2026-02-10 01:23:00'),
    (288, 144, 30, 'Status Updated', '{"status": "Pending"}', '{"status": "In Progress", "completion_percentage": 65}', '2026-02-15 10:23:00'),
    (289, 145, 1, 'Task Assigned', NULL, '{"status": "Pending", "employee_id": 29}', '2026-05-04 11:14:00'),
    (290, 145, 30, 'Status Updated', '{"status": "Pending"}', '{"status": "In Progress", "completion_percentage": 68}', '2026-05-06 06:14:00'),
    (291, 146, 1, 'Task Assigned', NULL, '{"status": "Pending", "employee_id": 30}', '2026-04-12 03:12:00'),
    (292, 146, 31, 'Task Completed', '{"status": "In Progress", "completion_percentage": 76}', '{"status": "Completed", "completion_percentage": 100}', '2026-04-20 21:12:00'),
    (293, 147, 1, 'Task Assigned', NULL, '{"status": "Pending", "employee_id": 30}', '2026-03-02 22:06:00'),
    (294, 147, 31, 'Remarks Updated', '{"remarks": null}', '{"remarks": "Waiting for client feedback."}', '2026-03-14 19:06:00'),
    (295, 148, 1, 'Task Assigned', NULL, '{"status": "Pending", "employee_id": 30}', '2026-06-08 11:03:00'),
    (296, 148, 31, 'Task Completed', '{"status": "In Progress", "completion_percentage": 54}', '{"status": "Completed", "completion_percentage": 100}', '2026-06-17 22:03:00'),
    (297, 149, 1, 'Task Assigned', NULL, '{"status": "Pending", "employee_id": 30}', '2026-03-28 20:17:00'),
    (298, 149, 31, 'Task Completed', '{"status": "In Progress", "completion_percentage": 82}', '{"status": "Completed", "completion_percentage": 100}', '2026-05-03 12:17:00'),
    (299, 150, 1, 'Task Assigned', NULL, '{"status": "Pending", "employee_id": 30}', '2026-02-08 07:18:00'),
    (300, 150, 31, 'Status Updated', '{"status": "Pending"}', '{"status": "In Progress", "completion_percentage": 25}', '2026-02-09 19:18:00');

COMMIT;

-- ------------------------------------------------------------
-- Verification
-- ------------------------------------------------------------
SELECT 'Sample data inserted successfully.' AS status;
SELECT
    (SELECT COUNT(*) FROM departments)      AS total_departments,
    (SELECT COUNT(*) FROM users)             AS total_users,
    (SELECT COUNT(*) FROM employees)         AS total_employees,
    (SELECT COUNT(*) FROM tasks)              AS total_tasks,
    (SELECT COUNT(*) FROM task_assignments)   AS total_assignments,
    (SELECT COUNT(*) FROM activity_logs)      AS total_activity_logs;
